-- phpMyAdmin SQL Dump
-- version 4.0.4.1
-- http://www.phpmyadmin.net
--
-- Host: localhost
-- Erstellungszeit: 24. Dez 2013 um 17:19
-- Server Version: 5.6.12
-- PHP-Version: 5.5.3

SET SQL_MODE = "NO_AUTO_VALUE_ON_ZERO";
SET time_zone = "+00:00";


/*!40101 SET @OLD_CHARACTER_SET_CLIENT=@@CHARACTER_SET_CLIENT */;
/*!40101 SET @OLD_CHARACTER_SET_RESULTS=@@CHARACTER_SET_RESULTS */;
/*!40101 SET @OLD_COLLATION_CONNECTION=@@COLLATION_CONNECTION */;
/*!40101 SET NAMES utf8 */;

--
-- Datenbank: `puzzle-boy`
--
DROP DATABASE IF EXISTS `puzzle-boy`;
CREATE DATABASE IF NOT EXISTS `puzzle-boy` DEFAULT CHARACTER SET utf8 COLLATE utf8_unicode_ci;
USE `puzzle-boy`;

-- --------------------------------------------------------

--
-- Tabellenstruktur für Tabelle `user`
--

CREATE TABLE IF NOT EXISTS `user` (
  `id` int(11) NOT NULL AUTO_INCREMENT,
  `name` varchar(255) COLLATE utf8_unicode_ci NOT NULL,
  `password` varchar(255) COLLATE utf8_unicode_ci NOT NULL,
  `email` varchar(255) COLLATE utf8_unicode_ci NOT NULL,
  `active` bit(1) NOT NULL,
  PRIMARY KEY (`id`),
  UNIQUE KEY `UNIQUE_LEVEL_NAME` (`name`),
  UNIQUE KEY `UNIQUE_EMAIL` (`email`)
) ENGINE=InnoDB  DEFAULT CHARSET=utf8 COLLATE=utf8_unicode_ci AUTO_INCREMENT=2 ;

--
-- Daten für Tabelle `user`
--

INSERT INTO `user` (`id`, `name`, `password`, `email`, `active`) VALUES
(1, 'hanjo', '*DF5A01F5DCBF1638CDEE03CADB9372F222DE9D5A', 'hanjo77@gmail.com', b'1');

-- --------------------------------------------------------

--
-- Tabellenstruktur für Tabelle `level`
--

CREATE TABLE IF NOT EXISTS `level` (
  `id` int(11) NOT NULL AUTO_INCREMENT,
  `data` text NOT NULL,
  `creator` int(11) NOT NULL,
  `active` bit(1) NOT NULL,
  PRIMARY KEY (`id`),
  KEY `FK_LEVEL_CREATOR_USER_ID` (`creator`)
) ENGINE=InnoDB  DEFAULT CHARSET=utf8 COLLATE=utf8_unicode_ci AUTO_INCREMENT=31 ;

--
-- Daten für Tabelle `level`
--

INSERT INTO `level` (`id`, `data`, `creator`, `active`) VALUES 
(1, '111111111111111111\n1   1        1   1\n1 2   l 11 n   0 1\n1   1        1   1\n111111111111111111', 1, b'1'),
(2, '1111111111111111\n1   1  AA  1   1\n1 2    BB    0 1\n1   1  CC  1   1\n1111111111111111', 1, b'1'),
(3, '11111111111111\n11111    1   1\n11111      0 1\n11111  AA1   1\n1   1e AA11111\n1 2      11111\n1   1    11111\n11111111111111', 1, b'1'),
(4, '111111111111111111\n11111333     11111\n1   13333 AA 1   1\n1 2   333 AA   0 1\n1   13333 AA 1   1\n11111333     11111\n111111111111111111', 1, b'1'),
(5, '1111111111111111\n11111      11111\n1   1      1   1\n1 2 3  iA    0 1\n1   1      1   1\n11111      11111\n1111111111111111', 1, b'1'),
(6, '111111111111111\n1   1 1 1 1   1\n1   1     1 0 1\n1   3  1  A   1\n1 2 1     1 * 1\n1   1 1 1 1   1\n111111111111111', 1, b'1'),
(7, '111111111111111\n11111     11111\n1     i d     1\n1             1\n1 2  o  d   0 1\n1             1\n1     i d     1\n11111     11111\n111111111111111', 1, b'1'),
(8, '11111111111111111\n1111    D    1111\n1111    D    1111\n1111A BCDFG H1111\n1   A BCDFG H   1\n1 2 A B E G H 0 1\n1   A B E G H   1\n1111  B   G  1111\n11111111111111111', 1, b'1'),
(9, '1111111111111111111\n1      1 A 1      1\n1      1   1      1\n1        h C      1\n1   2  i   D   0  1\n1        g E      1\n1      1   1      1\n1      1 B 1      1\n1111111111111111111', 1, b'1'),
(10, '1111111111111111\n1              1\n1     h e    0 1\n1      g       1\n1        e     1\n1 2   g f    * 1\n1              1\n1111111111111111', 1, b'1'),
(11, '11111111111\n1111   1111\n111     111\n111 f   111\n11   0   11\n11    h  11\n1  g   f  1\n1    1    1\n1 m     m 1\n1   AAA   1\n11111 11111\n111     111\n1111 2 1111\n1111   1111\n11111111111', 1, b'1'),
(12, '11111111111111111\n1 0  1     A    1\n1    1    11111 1\n1111 1 Bl   111 1\n1    1        1 1\n1 CCC111113  11 1\n1             1 1\n1 DE   1 1 FFF1 1\n1 DE     1      1\n1 D3 133   13 1 1\n1    1333  13 1 1\n1111113333  G 1 1\n1    133 3  G 1 1\n1    1333 1 G 1 1\n1    133331 G 1 1\n1 2  133331 G 1 1\n1      3331     1\n11111111111111111', 1, b'1'),
(13, '1111111111111\n1  1 3A31   1\n1  1  A 1   1\n1  1 BA  1  1\n1  1     1  1\n1  1331 C   1\n12  3333CDD01\n1  1331 C   1\n1  1     1  1\n1  1 EF  1  1\n1  1  F 1   1\n1  1 3F31   1\n1111111111111', 1, b'1'),
(14, '1111111111111111\n1   1      13331\n1 AA1 0    1   1\n1   3   BBB1CC 1\n11113   BBB1CC 1\n1 DD33  33313331\n1 DD333 33     1\n1 DD333        1\n1   333   333E 1\n1   1      33E 1\n1   1      33E 1\n111113     11111\n1    3   33  G 1\n1 FFF311133  G 1\n1     1233     1\n1111111111111111', 1, b'1'),
(15, '111111111111111111\n111111   111   111\n1   11 m     1   1\n1 0      1 g 1 o 1\n1   1111     A   1\n11111111 1 11111 1\n111111   1    11 1\n111111 e 1 l     1\n111111        o 11\n1   11 1 111    11\n1 2 3     11111111\n1   111   11111111\n111111111111111111', 1, b'1'),
(16, '11111111111111111111\n11111111    11111111\n1111111     11111111\n1111111 A 3 11111111\n1111111 A 3      111\n1    33 A11C       1\n1 2 1333AB CDDDE 0 1\n1    33 F11C   E   1\n1111111 F 3      111\n1111111 F   11111111\n1111111 F   11111111\n11111111    11111111\n11111111111111111111', 1, b'1'),
(17, '11111111111111\n1     11 g g 1\n1   k 1      1\n1    A1B     1\n11   A B 11 C1\n1  l A1B     1\n1     1     31\n1    11111 h31\n1 DD 01233   1\n1    1111    1\n1     1      1\n1  l E1F     1\n1    E F G1 H1\n11   E1F     1\n1   m 1      1\n1  3  11 h h 1\n11111111111111', 1, b'1'),
(18, '11111111111111111111\n1         AAAA     1\n1   11111 1111 1   1\n1   1  33313 B 1   1\n1   1  33113 CD1   1\n1   1  33333 C 1   1\n1   1  33333 C 1   1\n1   1  33333 O 1   1\n1   1EE313331F11   1\n1   1   1 GH1  1   1\n1   1   1 G 1  1   1\n1   1  I1  J K 1   1\n1 2 1   1 L MN 1 0 1\n1   1   1    N 1   1\n11111111111111111111', 1, b'1'),
(19, '111111111111111\n1  2 1111111111\n1    1111111111\n111  11 A 11111\n11  11  A  1111\n13311 BBB g 111\n1CC3DD EE    11\n11 FDD  GGHH 11\n111 DDf  I    1\n1111 J  KK  1 1\n1111  1   L11*1\n1111  111ML1111\n11111N111  1111\n11111 1111  111\n1111  11111 111\n1111 111111 111\n111# 11110  111\n111111111111111', 1, b'1'),
(20, '11111111111111111111\n11       0        11\n1  AABB CCDD EEFF  1\n1  AABB CCDD EEFF  1\n1 h  G HHIIJJ K  e 1\n11   G   II   K   11\n11  LL        MM  11\n1 f LL NNOOPP MM g 1\n1    QQ  OO  RR    1\n11   QQ SSTT RR   11\n11  UU  SSTT  VV  11\n11  UU        VV  11\n111111111 1111111111\n1                  1\n1        2         1\n11                11\n11111111111111111111', 1, b'1'),
(21, '1111111111\n1        1\n1 0 AA   1\n1        1\n11  111  1\n1 BBBCCC 1\n1        1\n1  11    1\n1  1233  1\n1111111111', 1, b'1'),
(22, '11111111111111111111\n1    11111111      1\n1       AA         1\n1    11111111      1\n111111111111 f    g1\n1  BB3333333   CCC 1\n12 DD3333333   CCC01\n1  EE3333333   CCC 1\n1111111111111      1\n1    1111111 e    h1\n1       FF         1\n1    1111111       1\n11111111111111111111', 1, b'1'),
(23, '11111111111111111\n11      1  AAA 11\n1       1       1\n1       13  B1  1\n1       131CC1  1\n1   2     1 31 01\n1       13  1   1\n1       13    D 1\n1       1 3   D 1\n11      1 EEE F11\n11111111111111111', 1, b'1'),
(24, '11111111111111111\n113  A   c     01\n11 1b BB  C h  11\n11 3 D   g   f 11\n11 33  33 3cE  11\n11 333   3  EF 11\n11GG3   3HH E d11\n11 b 1 3 HH  I 11\n11 J  K 3   31 11\n11 J f  f  h33 11\n11           L 11\n111  1     M LN11\n1133311 h OM dN11\n113 11    PP QN11\n1233 1  e 3R  311\n11111111111111111', 1, b'1'),
(25, '11111111111111111111\n111   f         1111\n111f    f a a g 1111\n111   A         1111\n11   BB   l      111\n11 CCBB h     e D111\n11 CC E F   h  G 111\n12   1 HI n  b J  01\n11 KK L M   g  N 111\n11 KKOO g     f P111\n11   OO   l      111\n111   Q         1111\n111e    e c c h 1111\n111   e         1111\n11111111111111111111', 1, b'1'),
(26, '111111111111111\n1111111111  111\n110  A  BB33111\n11 a     1 C111\n11 d f 1  1 111\n11  D  1EFFF111\n11G 3 HH  3 111\n11    1    3  1\n11333   133 1 1\n11   III1 1   1\n11 k III   3111\n11    111 m 111\n1  J1 1     111\n1     3 1 1 111\n111111111 1 111\n112 3   3  3111\n111111111111111', 1, b'1'),
(27, '11111111111111111111\n1                  1\n1   111111111111   1\n1   11111  11111   1\n1   11  A   B011   1\n1   11    a  C11   1\n1   11 n D    11   1\n1   1   1 d h  1   1\n1   1  11   E3 1   1\n1   11     11 11   1\n1   113   1 F 11   1\n1   113a G3   11   1\n1   11311  11111   1\n1   113111111111   1\n1   113111111111   1\n1 2                1\n1                  1\n11111111111111111111', 1, b'1'),
(28, '111111111111111111\n11 11111  11 1   1\n1   A   f C  3   1\n1   A  B  C  1   1\n1   A  B  C  1   1\n1   A  B  C  1   1\n1  0A *B #C $1   1\n1   A  B  C  1   1\n1   A  B  C  1   1\n1 E A  B  C  1   1\n1    e B   e 1 2 1\n111 1  1111  1   1\n111111111111111111', 1, b'1'),
(29, '111111111111111111\n1113A BB    11 C01\n111D  BB  a   EEF1\n111   GG   33 EE 1\n111 g 111 nH1  f 1\n111    11   II3  1\n111 m     J    K 1\n111   1 11311L K 1\n1113M      33    1\n1111 111 111 3 1 1\n111  13  111N3 331\n111 OOP 111   1  1\n1133OO3     3  Q31\n1  311111111111111\n12 111111111111111\n111111111111111111', 1, b'1'),
(30, '11111111111111111111\n1333333333133A B 111\n13333333131 C  D 111\n13331333331 C EE 111\n1333313333FGGG H I 1\n1231333333 JJ  H 0 1\n1333313333KLLL H M 1\n13331333331 N OO 111\n13333333131 N  P 111\n1333333333133Q R 111\n11111111111111111111', 1, b'1'),
(31, '11111111111111111\n111111     111111\n1   11f    11   1\n1 2      h    0 1\n1   11 e   11   1\n111111     111111\n11111111111111111', 1, b'1'),
(32, '11111111111111111\n11111       11111\n1   1  Â€Â€   1   1\n1   111Â€Â€Â‚Â‚ 1   1\n1 2    ÂÂÂ‚Â‚   0 1\n1   111ÂÂ   1   1\n1   1       1   1\n11111111111111111', 1, b'1'),
(33, '111111111111111111\n1    331     1   1\n1   133   o  1   1\n1   1          0 1\n1 2 1     Â€Â€ 1   1\n1   1 o   Â€Â€ 1   1\n11111        11111\n111111111111111111', 1, b'1'),
(34, '111111111111\n11111      1\n11111  Â‚Â‚  1\n12333  ÂÂ  1\n1 333  ÂÂ 01\n11111 Â€Â€Â€  1\n11111 Â€Â€Â€  1\n11111      1\n111111111111', 1, b'1'),
(35, '11111111111111\n1           01\n1 Â€ Â  h n3111\n1       3  321\n11111111111111', 1, b'1'),
(36, '111111111111111111\n1111111    1111111\n1111111  Â     111\n11111111Â€Â Â‚Â‚Â‚Â‚111\n1   1111Â€Â Â‚Â‚Â‚Â‚ 01\n1 2     Â€Â Â‚Â‚Â‚Â‚111\n1   1111Â€      111\n11111111Â€  1111111\n1111111    1111111\n111111111111111111', 1, b'1'),
(37, '111111111111111\n11111   1111111\n11111  Â€  11111\n1   113 Â 1   1\n1 2   3n    0 1\n1   11  Â‚ 1   1\n111111111111111', 1, b'1'),
(38, '111111111111111111\n11111            1\n11111    Â€   1 0 1\n11111        1   1\n1   1        11111\n1 2 111 g m 111111\n1    3       11111\n111111111111111111', 1, b'1'),
(39, '1111111111111\n11111 c   111\n1111        1\n1111 n  h   1\n11        h 1\n1 f   g l 111\n1         111\n111 o  o 1111\n111   0  2111\n1111111111111', 1, b'1'),
(40, '111111111111\n11        01\n11 Â€      11\n11 m  n d 11\n11        11\n1111111 g 11\n12    3   11\n111111111111', 1, b'1'),
(41, '11111111111\n11       01\n111 13  Â€ 1\n111   k   1\n11  l   Â 1\n123    1  1\n11111111111', 1, b'1'),
(42, '111111111111\n1     0    1\n1 Â€i  m  o 1\n1          1\n1          1\n111  h e  11\n11111      1\n111111311111\n1111     111\n1111  2  111\n1111     111\n111111111111', 1, b'1'),
(43, '1111111111\n1        1\n1 l Â€ n  1\n1        1\n1  ÂÂÂ   1\n1 l   k  1\n1  3     1\n111 1111 1\n1   11   1\n1 2 11 0 1\n1   11   1\n1111111111', 1, b'1'),
(44, '1111111111111\n1           1\n1 Â†Â†Â†Â…Â…Â…Â…   1\n1 Â†Â†Â†Â…Â…Â…Â…ÂƒÂƒ 1\n111011111ÂƒÂƒ 1\n1 Â€Â€11111ÂƒÂƒ 1\n1 Â€Â€11211ÂƒÂƒ 1\n1 Â€Â€11 11*111\n1 Â€Â€ÂÂÂÂÂ‚Â‚Â‚ 1\n1   ÂÂÂÂÂ‚Â‚Â‚ 1\n1           1\n1111111111111', 1, b'1'),
(45, '111111111111111111\n111111111111  1111\n111111111 Â€Â€  1111\n1   1111      Â‚  1\n1 2 3333333l  Âƒ 01\n1   1111      Â„  1\n111111111 ÂÂ  1111\n111111111111  1111\n111111111111111111', 1, b'1'),
(46, '111111111111\n11         1\n11 2 111   1\n11   111 l 1\n111111111 31\n11111113   1\n1   1 3Â‚ m 1\n1 0 Â€ 3    1\n1 * Â 31 f 1\n1   1 3    1\n111111111111', 1, b'1'),
(47, '1111111111111111\n11   111111   11\n1    111111    1\n1  Â 11 01  Â‚  1\n1     1  1     1\n111  3      1111\n11111 n  l 11111\n1111      3  111\n1     1331     1\n1  Â€  13311 Âƒ  1\n1    11 211    1\n11   111111   11\n1111111111111111', 1, b'1'),
(48, '11111111111111111\n1   1    Â„Â„ 1   1\n1 2    Â‚Â‚ÂƒÂƒ   0 1\n1   1  ÂÂ   1   1\n11111 k  m  11111\n11111       11111\n11111  Â€Â€   11111\n11111111111111111', 1, b'1'),
(49, '111111111111111111\n1111           111\n1111   Â€Â33    111\n1   333Â€Â 3ÂƒÂƒÂƒ   1\n1 2 333Â€  3ÂƒÂƒÂƒ 0 1\n1   333Â€Â‚ 3ÂƒÂƒÂƒ   1\n1111   Â€Â‚33    111\n1111           111\n111111111111111111', 1, b'1'),
(50, '1111111111\n1        1\n1 Â€Â     1\n1 Â€ i k  1\n1 f  Âƒ   1\n1   f e  1\n1        1\n111 Â…Â…Â…Â… 1\n123 3   01\n1111111111', 1, b'1'),
(51, '1111111111\n1111121111\n1111333111\n1111333111\n1111333111\n11      11\n1 f    g01\n1        1\n1  ÂƒÂƒÂƒÂƒ  1\n1 ÂÂÂÂ‚Â‚Â‚ 1\n11       1\n11 k 11111\n1 Â€  11111\n1 Â€  11111\n1    11111\n1111111111', 1, b'1'),
(52, '1111111111111\n11111   11111\n1   1 2 1   1\n1 0 1   1 * 1\n1   11 11   1\n111   Â„Â„  111\n11111ÂƒÂƒ 11111\n11111 ÂÂ‚11111\n111 Â€Â€ Â‚11111\n111 111 11111\n1   111    11\n1 # 1111 $ 11\n1   1111   11\n1111111111111', 1, b'1'),
(53, '11111111111111\n1112       111\n111 33Â€Â€33 111\n1  113  311  1\n1    3  3    1\n1 ÂÂÂÂ11Â‚Â‚Â‚Â‚ 1\n1     11  Âƒ  1\n1         Âƒ  1\n1  11    11  1\n111  Â„Â„Â„Â„  111\n111       0111\n11111111111111', 1, b'1'),
(54, '1111111111111111\n11            11\n11f  Â‚    Â„  g11\n1    Â‚    Â„    1\n1  Â€Â€Â€Â€  ÂƒÂƒÂƒÂƒ  1\n1    Â j  Â…    1\n11f  Â    Â…  g11\n11            11\n11   e  0 h   11\n11            11\n1111113333333311\n1123333333333311\n1111111111111111', 1, b'1'),
(55, '111111111111111111\n11111   111111   1\n11111      1   0 1\n11111   Â„Â„   1   1\n11111 ÂƒÂƒÂ€ g  11111\n111113     Â… 11111\n11111 n g ÂÂ… 11111\n111113    Â‚  11111\n1   131 m Â‚   1111\n1 2 3333 3    1111\n1   1111111   1111\n111111111111111111', 1, b'1'),
(56, '111111111111111111\n1   ÂÂÂ    Â“Â“    1\n1  gÂÂÂÂÂÂ   l   1\n1      ÂÂÂ k  ÂŒÂŒÂ1\n1Â€Â€  j ÂÂÂ    ÂŒÂŒÂ1\n1Â€Â€  Â‘Â‘Â‘    ÂŽÂŽ   1\n1           ÂŽÂŽ   1\n12 l l     l    01\n1           Â‹Â‹   1\n1ÂÂ  Â’Â’Â’    Â‹Â‹   1\n1ÂÂ  j Â„Â„Â„    Â‡Â‡Âˆ1\n1      Â„Â„Â„ m  Â‡Â‡Âˆ1\n1  hÂ‚Â‚Â‚Â„Â„Â„   l   1\n1   Â‚Â‚Â‚    Â…Â…    1\n111111111111111111', 1, b'1'),
(57, '111111111111111111\n1111  111111  1111\n1113 Â” 1111    111\n112Â“11  11Â‘Â‘113311\n111Â“   3333Â’    11\n10 3111 33 111ÂÂ 1\n1ÂŒÂŒ1Â  13 1Â  1331\n1  Â‹Â 3 3 Â€ÂÂ‚33331\n133Â‹Â33 333ÂÂ‚333 1\n1 ÂŠÂŠÂ33    ÂÂ‚ÂƒÂƒÂƒ 1\n1 33 Âˆ  1 Â…Â…Â…Â…Â„Â„ 1\n11 Â‰Â‰Â‰Â‡Â‡Â‡Â‡Â‡Â‡Â†33311\n113   31  1 Â†3 311\n1 1     11 ÂŽÂ3 1 1\n11 1        Â31 11\n1 1 11 a a  11 1 1\n111111111111111111', 1, b'1'),
(58, '1111111111111\n1112333111111\n11133  A 1111\n11133       1\n10 1111  h  1\n1           1\n1 BBDDD    11\n1 BBCCC 11111\n1     1111111\n1111111111111', 1, b'1'),
(59, '111111111111111\n1             1\n1  A   I   H  1\n1  AJJJIKKKH  1\n1R A D I F H P1\n12CCCDEEEFGGG01\n1S B D M F O Q1\n1  BLLLMNNNO  1\n1  B   M   O  1\n1             1\n111111111111111', 1, b'1'),
(60, '1111111111111\n111       111\n111      A111\n1  3333333  1\n1  3CIJJH3  1\n1  3C   H3  1\n1  3C 0 H3  1\n1  3D   H3  1\n1  3EFGGG3  1\n1  3333333B 1\n111333    111\n1233331111111\n1111111111111', 1, b'1'),
(61, '111111111111\n110111111111\n11      1111\n1   e    321\n1  h Bf  111\n1   A    111\n11  g   1111\n11     11111\n111111111111', 1, b'1'),
(62, '11111111111\n1    0    1\n1    DD   1\n1    DD   1\n11 CCCCCC 1\n1        11\n1  BBBBBB 1\n1        11\n1  AAAAAA 1\n11        1\n1  3333   1\n1  3323   1\n11111111111', 1, b'1'),
(63, '1111111111111111\n11113         01\n1111Be   DF    1\n1111B    1F 3331\n1111B he 1F33331\n1111B    1FEE3 1\n113 C    1 EE  1\n11 333   1   e 1\n11   333    3  1\n113 333333e GG 1\n113 33  3I   H 1\n113 A3  3      1\n1331A     111111\n13 1A f   111111\n12 1 3    111111\n1111111111111111', 1, b'1'),
(64, '11111111111111111111\n10   Â            Â’1\n1  ÂŒÂŒÂŒÂŒÂŒ ÂŽÂŽÂŽÂŽÂŽ     1\n111111 ÂÂÂÂÂÂÂÂÂÂ Â‘1\n1 Â•Â•Â•Â•Â• Â”Â”Â”Â”Â”      1\n1 Â–Â–Â–Â–Â– Â—Â—Â—Â—Â— Â˜Â˜Â˜Â˜Â˜1\n1    Â™Â™Â™Â™Â™  ÂšÂšÂšÂš   1\n1Âœ  Â›Â›    ÂÂÂÂ     1\n1 ÂžÂžÂžÂžÂž ÂŸÂŸÂŸÂŸ      Â£1\n1   Â Â Â Â Â  Â¡Â¡Â¡Â¡Â¡Â¢Â¢Â¢Â£1\n111111  Â¤Â¤   1111  1\n1 Â¨Â§Â§Â§Â§Â§ Â¥Â¥Â¥Â¥Â¥Â¥ Â¦  1\n1Â©      Â¬Â¬Â­ Â®Â®Â®Â®   1\n1ÂªÂªÂª Â«Â«Â«Â«Â« Â¯Â¯Â¯Â¯  Â°Â°1\n1 Â±Â±Â±Â²Â²Â² 1    111111\n1    Â³Â³Â³   Â¶Â¶Â¶Â¶Â¶   1\n1   Â´Â´  ÂµÂµÂµÂµÂµ     21\n11111111111111111111', 1, b'1'),
(65, '11111111111111111111\n1    Â˜    Â—      Â€01\n11 1Â™1 1 1Â”1Â–1 1 1Â1\n1 Â›  ÂšÂš Â’ Â”Â•  Â‹Â‹Â‹ Â1\n11 1 1 1Â“1Â”1 1 1 1Â1\n1 Âœ   ÂÂ   ÂŒÂŒÂŒÂŒÂŒÂŠ Â1\n11Âœ1Âž1 1Â‘1 1 1 1 1Â1\n1   Âž     Â Â Â Â‰ Â1\n11Â¤1Âž1ÂŸ1Â°   Â1 1 1Â1\n1 Â¥ Âž ÂŸ   o   Â¯ Âˆ Â1\n11 1Âž1ÂŸ1     1Â¯1 1Â1\n1Â£ Â¦Âž ÂŸÂ¬Â¬Â¬ Â­Â­   Â‡ Â1\n11 1Âž1ÂŸ1 1 1 1 1 1Â1\n1Â¢   Â ÂŸ Â¡ Â© Âª  Â†  Â1\n11Â§1 1 1 1Â©1 1Â…1 1Â1\n1  Â¨Â¨   Â« Â© Â„  Âƒ Â‚ 1\n12 1 1 1 1 1 1 1 1 1\n11111111111111111111', 1, b'1'),
(66, '1111111111\n10 Â„    $1\n1 ÂƒÂ„Â† Âˆ  1\n1 ÂƒÂ… Â‡ Â‰ 1\n1 Âƒ1111111\n1   Â€    1\n1ÂÂÂÂ€ 3331\n1 Â‚Â‚Â‚ 1131\n1*    1231\n1111111111', 1, b'1'),
(67, '11111111111111111111\n111              111\n111 n k      k l 111\n111     l  n     111\n111              111\n111 n g      f l 111\n111     k  k     111\n123   3          Â€01\n111     m  m     111\n111 n h      e l 111\n111              111\n111     l  n     111\n111 n m      m l 111\n111              111\n11111111111111111111', 1, b'1'),
(68, '11111111111111111111\n111111   1   1111111\n111111     i   11111\n111111 3     g 11111\n1   1133b      Â‚   1\n12  33333 Â€1ÂÂ Â‚Âƒ 01\n1   1133b       Âƒ  1\n1111113      h 11111\n111111     i   11111\n111111   1   1111111\n11111111111111111111', 1, b'1'),
(69, '1111111111111111111\n113333333     3Â† 11\n11333333 3 3  3Â† 11\n113333333  Â‚Âƒ 3Â† 11\n1133333313 Â‚Âƒ 3Â‡ 11\n1231333333Â€ÂÂ 3Â‡ 01\n1133333313 Â„Â… 3Â‡ 11\n113333333  Â„Â… 3Âˆ 11\n11333333 3 3  3Âˆ 11\n113333333     3Âˆ 11\n1111111111111111111', 1, b'1'),
(70, '11111111111111111111\n1                  1\n1e 11     l   ge   1\n1   111111 Â€Â€Â€ ÂÂÂ 1\n1  Â‡Â‡Â‡Â‡Â‡ f         1\n1     f   ÂƒÂƒ e 111 1\n1 e      Â†ÂƒÂƒÂ‚Â‚ 1 f 1\n1    k   Â†ÂƒÂƒ   1   1\n1 Â‰      Â†ÂƒÂƒ i 1 1 1\n1 ÂˆÂˆÂˆÂˆi ÂÂ†ÂƒÂƒ1  1 1 1\n1   ÂŠÂ‹  Âf  1111 1 1\n11 hÂŠ ÂŒÂŒÂ        1 1\n12ÂŽÂŽÂŠ f  111111111 1\n11ÂŽÂŽÂŠ    1      f  1\n1 ÂÂÂ ÂÂ 1 Â‘Â‘Â’    01\n1  c l     j Â’f  *#1\n1        e       $ 1\n11111111111111111111', 1, b'1');

-- --------------------------------------------------------

--
-- Tabellenstruktur für Tabelle `origin`
--

CREATE TABLE IF NOT EXISTS `origin` (
  `id` int(11) NOT NULL AUTO_INCREMENT,
  `name` varchar(255) COLLATE utf8_unicode_ci NOT NULL,
  PRIMARY KEY (`id`),
  UNIQUE KEY `UNIQUE_ORIGIN_NAME` (`name`)
) ENGINE=InnoDB  DEFAULT CHARSET=utf8 COLLATE=utf8_unicode_ci AUTO_INCREMENT=4 ;

--
-- Daten für Tabelle `origin`
--

INSERT INTO `origin` (`id`, `name`) VALUES
(1, 'Puzzle Boy / Kwirk Gameboy'),
(2, 'Puzzle Boy 2 / A-mazing Tater'),
(3, 'Puzzle Boy PC-Engine');

-- --------------------------------------------------------

--
-- Tabellenstruktur für Tabelle `level_origin`
--

CREATE TABLE IF NOT EXISTS `level_origin` (
  `id` int(11) NOT NULL AUTO_INCREMENT,
  `level_id` int(11) NOT NULL,
  `origin_id` int(11) NOT NULL,
  `difficulty_id` int(11) NOT NULL DEFAULT 1,
  `number` int(11) NOT NULL,
  PRIMARY KEY (`id`),
  KEY `FK_LEVEL_ORIGIN_LEVEL_ID` (`level_id`),
  KEY `FK_LEVEL_ORIGIN_ORIGIN_ID` (`origin_id`),
  KEY `FK_LEVEL_ORIGIN_DIFFICULTY_ID` (`difficulty_id`)
) ENGINE=InnoDB  DEFAULT CHARSET=utf8 COLLATE=utf8_unicode_ci AUTO_INCREMENT=31 ;

--
-- Daten für Tabelle `level_origin`
--

INSERT INTO `level_origin` (`id`, `level_id`, `origin_id`, `difficulty_id`, `number`) VALUES
(1, 1, 1, 1, 1),
(2, 2, 1, 1, 2),
(3, 3, 1, 1, 3),
(4, 4, 1, 1, 4),
(5, 5, 1, 1, 5),
(6, 6, 1, 1, 6),
(7, 7, 1, 1, 7),
(8, 8, 1, 1, 8),
(9, 9, 1, 1, 9),
(10, 10, 1, 1, 10),
(11, 11, 1, 2, 1),
(12, 12, 1, 2, 2),
(13, 13, 1, 2, 3),
(14, 14, 1, 2, 4),
(15, 15, 1, 2, 5),
(16, 16, 1, 2, 6),
(17, 17, 1, 2, 7),
(18, 18, 1, 2, 8),
(19, 19, 1, 2, 9),
(20, 20, 1, 2, 10),
(21, 21, 1, 3, 1),
(22, 22, 1, 3, 2),
(23, 23, 1, 3, 3),
(24, 24, 1, 3, 4),
(25, 25, 1, 3, 5),
(26, 26, 1, 3, 6),
(27, 27, 1, 3, 7),
(28, 28, 1, 3, 8),
(29, 29, 1, 3, 9),
(30, 30, 1, 3, 10),
(31, 31, 2, 1, 1),
(32, 32, 2, 1, 2),
(33, 33, 2, 1, 3),
(34, 34, 2, 1, 4),
(35, 35, 2, 1, 5),
(36, 36, 2, 1, 6),
(37, 37, 2, 1, 7),
(38, 38, 2, 1, 8),
(39, 39, 2, 1, 9),
(40, 40, 2, 1, 10),
(41, 41, 2, 2, 1),
(42, 42, 2, 2, 2),
(43, 43, 2, 2, 3),
(44, 44, 2, 2, 4),
(45, 45, 2, 2, 5),
(46, 46, 2, 2, 6),
(47, 47, 2, 2, 7),
(48, 48, 2, 2, 8),
(49, 49, 2, 2, 9),
(50, 50, 2, 2, 10),
(51, 51, 2, 3, 1),
(52, 52, 2, 3, 2),
(53, 53, 2, 3, 3),
(54, 54, 2, 3, 4),
(55, 55, 2, 3, 5),
(56, 56, 2, 3, 6),
(57, 57, 2, 3, 7),
(58, 58, 2, 3, 8),
(59, 59, 2, 3, 9),
(60, 60, 2, 3, 10),
(61, 61, 2, 4, 1),
(62, 62, 2, 4, 2),
(63, 63, 2, 4, 3),
(64, 64, 2, 4, 4),
(65, 65, 2, 4, 5),
(66, 66, 2, 4, 6),
(67, 67, 2, 4, 7),
(68, 68, 2, 4, 8),
(69, 69, 2, 4, 9),
(70, 70, 2, 4, 10);

-- --------------------------------------------------------

--
-- Tabellenstruktur für Tabelle `difficulty`
--

CREATE TABLE IF NOT EXISTS `difficulty` (
  `id` int(11) NOT NULL AUTO_INCREMENT,
  `name` varchar(255) COLLATE utf8_unicode_ci NOT NULL,
  PRIMARY KEY (`id`),
  UNIQUE KEY `UNIQUE_DIFFICULTY_NAME` (`name`)
) ENGINE=InnoDB  DEFAULT CHARSET=utf8 COLLATE=utf8_unicode_ci AUTO_INCREMENT=4 ;

--
-- Daten für Tabelle `difficulty`
--

INSERT INTO `difficulty` (`id`, `name`) VALUES
(1, 'Easy'),
(2, 'Medium'),
(3, 'Hard'),
(4, 'Pro');

--
-- Constraints der exportierten Tabellen
--

--
-- Constraints der Tabelle `level`
--
ALTER TABLE `level`
  ADD CONSTRAINT `level_ibfk_1` FOREIGN KEY (`creator`) REFERENCES `user` (`id`);

--
-- Constraints der Tabelle `level_origin`
--
ALTER TABLE `level_origin`
  ADD CONSTRAINT `level_origin_ibfk_1` FOREIGN KEY (`level_id`) REFERENCES `level` (`id`),
  ADD CONSTRAINT `level_origin_ibfk_2` FOREIGN KEY (`origin_id`) REFERENCES `origin` (`id`),
  ADD CONSTRAINT `level_origin_ibfk_3` FOREIGN KEY (`difficulty_id`) REFERENCES `difficulty` (`id`);

/*!40101 SET CHARACTER_SET_CLIENT=@OLD_CHARACTER_SET_CLIENT */;
/*!40101 SET CHARACTER_SET_RESULTS=@OLD_CHARACTER_SET_RESULTS */;
/*!40101 SET COLLATION_CONNECTION=@OLD_COLLATION_CONNECTION */;

SHOW ENGINE INNODB STATUS;
